,interval_start_local,interval_end_local,net_load,renewables,renewables_to_load_ratio,primary_power_source,load.load,load_forecast.publish_time_local,load_forecast.load_forecast,fuel_mix.solar,fuel_mix.wind,fuel_mix.geothermal,fuel_mix.biomass,fuel_mix.biogas,fuel_mix.small_hydro,fuel_mix.coal,fuel_mix.nuclear,fuel_mix.natural_gas,fuel_mix.large_hydro,fuel_mix.batteries,fuel_mix.imports,fuel_mix.other,storage.supply,storage.stand_alone_batteries,storage.hybrid_batteries,battery_discharge_to_load_ratio,battery_charge_to_load_ratio
0,2021-12-31 00:00:00-08:00,2021-12-31 00:05:00-08:00,20604,4784,0.21140079540433054,natural_gas,22630,2021-12-29 09:10:00-08:00,23212.809999999998,-46,2072,839,278,213,182,19,2265,8795,1246,-107,8508,0,,,,-0.004728236853733981,0.00470598583806131
1,2021-12-31 00:05:00-08:00,2021-12-31 00:10:00-08:00,20574,4774,0.21112683530868565,natural_gas,22612,2021-12-29 09:10:00-08:00,23094.251666666667,-45,2083,839,277,212,183,18,2265,8669,1225,8,8545,0,,,,0.0003537944454272068,-0.00035391966023712616
2,2021-12-31 00:10:00-08:00,2021-12-31 00:15:00-08:00,20467,4756,0.21103074943426364,natural_gas,22537,2021-12-29 09:10:00-08:00,22975.693333333333,-44,2114,839,276,212,186,18,2265,8580,1173,55,8485,0,,,,0.0024404312907662954,-0.0024464015656970022
3,2021-12-31 00:15:00-08:00,2021-12-31 00:20:00-08:00,20338,4715,0.2102845419677103,imports,22422,2021-12-29 09:10:00-08:00,22857.135,-44,2128,840,278,212,186,18,2266,8419,1115,126,8517,0,,,,0.00561948086700562,-0.005651237890204521
4,2021-12-31 00:20:00-08:00,2021-12-31 00:25:00-08:00,20228,4795,0.21482974910394265,imports,22320,2021-12-29 09:10:00-08:00,22738.576666666668,-44,2136,840,278,213,185,18,2265,8209,1187,37,8618,0,,,,0.001657706093189964,-0.0016604586456042724
5,2021-12-31 00:25:00-08:00,2021-12-31 00:30:00-08:00,20132,4836,0.2176025917926566,imports,22224,2021-12-29 09:10:00-08:00,22620.018333333333,-44,2136,840,278,212,185,18,2265,8131,1229,0,8621,0,,,,0.0,-0.0
6,2021-12-31 00:30:00-08:00,2021-12-31 00:35:00-08:00,20027,4837,0.2185227016037949,imports,22135,2021-12-30 09:10:00-08:00,22501.46,-44,2152,840,279,212,185,18,2265,8011,1213,-3,8650,0,,,,-0.0001355319629545968,0.00013551359653085192
7,2021-12-31 00:35:00-08:00,2021-12-31 00:40:00-08:00,19897,4823,0.21882940108892923,imports,22040,2021-12-30 09:10:00-08:00,22428.10583333333,-41,2184,840,278,212,185,18,2266,7875,1165,-1,8699,0,,,,-4.537205081669691e-05,4.536999228710131e-05
8,2021-12-31 00:40:00-08:00,2021-12-31 00:45:00-08:00,19791,4820,0.2196300009113278,imports,21946,2021-12-30 09:10:00-08:00,22354.751666666667,-40,2195,840,278,212,185,18,2265,7781,1150,-3,8719,0,,,,-0.0001366991706916978,0.00013668048658253224
9,2021-12-31 00:45:00-08:00,2021-12-31 00:50:00-08:00,19718,4840,0.22117625554083079,imports,21883,2021-12-30 09:10:00-08:00,22281.3975,-40,2205,849,277,212,186,18,2266,7742,1151,-7,8689,0,,,,-0.00031988301421194534,0.00031978072179077204
10,2021-12-31 00:50:00-08:00,2021-12-31 00:55:00-08:00,19614,4865,0.22307304323902977,imports,21809,2021-12-30 09:10:00-08:00,22208.04333333333,-40,2235,859,278,212,186,18,2265,7687,1135,-12,8633,0,,,,-0.000550231555779724,0.0005499289675083636
11,2021-12-31 00:55:00-08:00,2021-12-31 01:00:00-08:00,19513,4862,0.22385929370597174,imports,21719,2021-12-30 09:10:00-08:00,22134.689166666667,-40,2246,872,277,212,171,18,2265,7702,1124,-45,8568,0,,,,-0.0020719185966204708,0.0020676346259878697
12,2021-12-31 01:00:00-08:00,2021-12-31 01:05:00-08:00,19441,4816,0.22248914349071422,imports,21646,2021-12-30 09:10:00-08:00,22061.335,-40,2245,877,274,212,154,18,2266,7778,1094,-44,8515,0,,,,-0.002032708121592904,0.0020285846011987092
13,2021-12-31 01:05:00-08:00,2021-12-31 01:10:00-08:00,19352,4754,0.220429359669866,imports,21567,2021-12-30 09:10:00-08:00,21987.98083333333,-40,2255,884,274,209,143,18,2265,7939,1029,-18,8393,0,,,,-0.0008346084295451384,0.0008339124391938846
14,2021-12-31 01:10:00-08:00,2021-12-31 01:15:00-08:00,19270,4741,0.2205834457730424,imports,21493,2021-12-30 09:10:00-08:00,21914.626666666667,-40,2263,884,273,209,142,17,2265,8039,1010,-110,8337,0,,,,-0.005117945377564789,0.005091885386288941
15,2021-12-31 01:15:00-08:00,2021-12-31 01:20:00-08:00,19191,4793,0.22375239251202092,imports,21421,2021-12-30 09:10:00-08:00,21841.2725,-40,2270,885,276,209,142,17,2265,7933,1051,-166,8417,0,,,,-0.007749404789692358,0.007689813313568351
16,2021-12-31 01:20:00-08:00,2021-12-31 01:25:00-08:00,19112,4836,0.22648932184338705,imports,21352,2021-12-30 09:10:00-08:00,21767.91833333333,-40,2280,885,275,209,142,18,2265,7750,1085,-188,8508,0,,,,-0.008804795803671788,0.00872794800371402
17,2021-12-31 01:25:00-08:00,2021-12-31 01:30:00-08:00,19038,4867,0.2285727703940262,imports,21293,2021-12-30 09:10:00-08:00,21694.564166666667,-40,2295,885,273,209,142,18,2266,7645,1103,-174,8464,0,,,,-0.008171699619593294,0.008105464200866446
18,2021-12-31 01:30:00-08:00,2021-12-31 01:35:00-08:00,18981,4865,0.22907053394858273,imports,21238,2021-12-30 09:10:00-08:00,21621.21,-40,2297,885,274,209,142,18,2265,7589,1098,-172,8466,0,,,,-0.008098691025520294,0.008033629145259225
19,2021-12-31 01:35:00-08:00,2021-12-31 01:40:00-08:00,18887,4872,0.23006091514378807,imports,21177,2021-12-30 09:10:00-08:00,21571.52333333333,-40,2330,884,274,209,143,19,2266,7522,1072,-171,8455,0,,,,-0.008074798130046749,0.008010118043844857
20,2021-12-31 01:40:00-08:00,2021-12-31 01:45:00-08:00,18748,4928,0.2335434339604758,imports,21101,2021-12-30 09:10:00-08:00,21521.836666666666,-40,2393,884,276,209,144,19,2266,7405,1062,-170,8443,0,,,,-0.008056490213733947,0.007992101922805698
21,2021-12-31 01:45:00-08:00,2021-12-31 01:50:00-08:00,18646,4953,0.23553188454039659,imports,21029,2021-12-30 09:10:00-08:00,21472.15,-40,2423,884,275,208,144,19,2265,7263,1059,-170,8491,0,,,,-0.008084074373484237,0.00801924619085806
22,2021-12-31 01:50:00-08:00,2021-12-31 01:55:00-08:00,18580,5002,0.23849711533876888,imports,20973,2021-12-30 09:10:00-08:00,21422.463333333333,-40,2433,883,273,208,142,19,2265,7122,1103,-183,8565,0,,,,-0.008725504219711057,0.008650028360748723
23,2021-12-31 01:55:00-08:00,2021-12-31 02:00:00-08:00,18547,5030,0.2403938061556108,imports,20924,2021-12-30 09:10:00-08:00,21372.776666666665,-40,2417,883,274,208,142,19,2265,7120,1146,-164,8470,0,,,,-0.007837889504874785,0.007776934749620637
24,2021-12-31 02:00:00-08:00,2021-12-31 02:05:00-08:00,18507,5034,0.2410919540229885,imports,20880,2021-12-30 09:10:00-08:00,21323.09,-40,2413,884,273,208,142,19,2265,6997,1154,-158,8499,0,,,,-0.007567049808429119,0.0075102196026238235
25,2021-12-31 02:05:00-08:00,2021-12-31 02:10:00-08:00,18456,5031,0.2412833916838521,imports,20851,2021-12-30 09:10:00-08:00,21273.403333333335,-40,2435,883,275,208,143,19,2265,6992,1127,-283,8641,0,,,,-0.013572490528032229,0.013390744771458313
26,2021-12-31 02:10:00-08:00,2021-12-31 02:15:00-08:00,18422,5002,0.24034211032096867,imports,20812,2021-12-30 09:10:00-08:00,21223.716666666667,-40,2430,884,277,208,148,19,2265,7050,1095,-307,8723,0,,,,-0.014751105131654814,0.014536673137932667
27,2021-12-31 02:15:00-08:00,2021-12-31 02:20:00-08:00,18408,5023,0.24182754802368686,imports,20771,2021-12-30 09:10:00-08:00,21174.03,-40,2403,885,278,208,149,19,2265,6964,1140,-288,8690,0,,,,-0.01386548553271388,0.013675863051426944
28,2021-12-31 02:20:00-08:00,2021-12-31 02:25:00-08:00,18357,5040,0.24302039635469405,imports,20739,2021-12-30 09:10:00-08:00,21124.343333333334,-40,2422,884,277,208,149,19,2265,6839,1140,-290,8744,0,,,,-0.01398331645691692,0.013790479813590755
29,2021-12-31 02:25:00-08:00,2021-12-31 02:30:00-08:00,18272,5079,0.24546904451210672,imports,20691,2021-12-30 09:10:00-08:00,21074.65666666667,-40,2459,883,278,209,149,19,2265,6741,1141,-290,8751,0,,,,-0.014015755642549902,0.013822029455221391
30,2021-12-31 02:30:00-08:00,2021-12-31 02:35:00-08:00,18168,5137,0.2487892289810151,imports,20648,2021-12-30 09:10:00-08:00,21024.97,-41,2521,883,280,208,149,20,2265,6672,1137,-285,8702,0,,,,-0.013802789616427742,0.013614866478765586
31,2021-12-31 02:35:00-08:00,2021-12-31 02:40:00-08:00,18098,5117,0.2484704282800816,imports,20594,2021-12-30 09:10:00-08:00,21005.475833333334,-41,2537,884,280,208,149,19,2266,6673,1100,-302,8670,0,,,,-0.014664465378265514,0.014452526799387442
32,2021-12-31 02:40:00-08:00,2021-12-31 02:45:00-08:00,18051,5119,0.2491967675980917,imports,20542,2021-12-30 09:10:00-08:00,20985.981666666667,-41,2532,884,279,209,148,19,2264,6612,1108,-286,8680,0,,,,-0.013922694966410281,0.013731515267908584
33,2021-12-31 02:45:00-08:00,2021-12-31 02:50:00-08:00,17998,5144,0.251061545219386,imports,20489,2021-12-30 09:10:00-08:00,20966.487500000003,-41,2532,884,279,209,148,20,2264,6534,1133,-298,8652,0,,,,-0.014544389672507199,0.014335883003800452
34,2021-12-31 02:50:00-08:00,2021-12-31 02:55:00-08:00,17933,5124,0.25078308535630384,imports,20432,2021-12-30 09:10:00-08:00,20946.993333333336,-41,2540,884,278,209,149,19,2266,6453,1105,-263,8625,0,,,,-0.012871965544244322,0.012708383667552548
35,2021-12-31 02:55:00-08:00,2021-12-31 03:00:00-08:00,17883,5117,0.2511164548265201,imports,20377,2021-12-30 09:10:00-08:00,20927.49916666667,-41,2535,883,277,208,148,20,2266,6389,1107,-247,8582,0,,,,-0.01212150954507533,0.011976338246702871
36,2021-12-31 03:00:00-08:00,2021-12-31 03:05:00-08:00,17781,5178,0.25420982866120084,imports,20369,2021-12-30 09:10:00-08:00,20908.005,-41,2629,884,276,208,149,20,2265,6343,1073,-251,8521,0,,,,-0.012322647159899848,0.012172647914645975
37,2021-12-31 03:05:00-08:00,2021-12-31 03:10:00-08:00,17753,5152,0.2528216704288939,imports,20378,2021-12-30 09:10:00-08:00,20888.510833333334,-42,2667,883,277,209,161,19,2266,6570,997,-304,8384,0,,,,-0.014918048876239081,0.014698771878928537
38,2021-12-31 03:10:00-08:00,2021-12-31 03:15:00-08:00,17713,5167,0.25353287536800784,imports,20380,2021-12-30 09:10:00-08:00,20869.016666666666,-42,2709,883,278,209,184,19,2267,6592,946,-325,8353,0,,,,-0.015947006869479884,0.01569669162038155
39,2021-12-31 03:15:00-08:00,2021-12-31 03:20:00-08:00,17644,5240,0.2572915643719925,imports,20366,2021-12-30 09:10:00-08:00,20849.5225,-43,2765,883,276,208,184,19,2266,6461,967,-324,8425,0,,,,-0.015908867720710988,0.01565973900434993
40,2021-12-31 03:20:00-08:00,2021-12-31 03:25:00-08:00,17601,5328,0.26185678478399765,imports,20347,2021-12-30 09:10:00-08:00,20830.028333333335,-43,2789,884,276,209,184,19,2266,6275,1029,-292,8489,0,,,,-0.014351009976900772,0.014147972285478948
41,2021-12-31 03:25:00-08:00,2021-12-31 03:30:00-08:00,17563,5460,0.2683046683046683,imports,20350,2021-12-30 09:10:00-08:00,20810.534166666668,-44,2831,884,278,208,184,19,2265,6203,1119,-274,8372,0,,,,-0.013464373464373465,0.013285492629945694
42,2021-12-31 03:30:00-08:00,2021-12-31 03:35:00-08:00,17537,5515,0.2710872984663783,imports,20344,2021-12-30 09:10:00-08:00,20791.04,-44,2851,883,280,208,184,19,2266,6174,1153,-289,8331,0,,,,-0.014205662603224537,0.014006688314835458
43,2021-12-31 03:35:00-08:00,2021-12-31 03:40:00-08:00,17545,5503,0.27076362920684904,imports,20324,2021-12-30 09:10:00-08:00,20809.060833333333,-43,2822,883,281,208,183,20,2266,6189,1169,-288,8318,0,,,,-0.014170438889982286,0.01397244323694935
44,2021-12-31 03:40:00-08:00,2021-12-31 03:45:00-08:00,17617,5439,0.2675619834710744,imports,20328,2021-12-30 09:10:00-08:00,20827.08166666667,-44,2755,883,279,208,182,19,2266,6190,1176,-248,8277,0,,,,-0.012199921290830381,0.012052877138413685
45,2021-12-31 03:45:00-08:00,2021-12-31 03:50:00-08:00,17661,5394,0.2653743973236249,imports,20326,2021-12-30 09:10:00-08:00,20845.1025,-44,2709,882,280,209,183,19,2266,6216,1175,-239,8266,0,,,,-0.011758339073108335,0.01162168733284707
46,2021-12-31 03:50:00-08:00,2021-12-31 03:55:00-08:00,17691,5376,0.2643197797335169,imports,20339,2021-12-30 09:10:00-08:00,20863.123333333333,-44,2692,883,279,209,184,19,2266,6244,1173,-240,8279,0,,,,-0.011799990166674861,0.011662374265027455
47,2021-12-31 03:55:00-08:00,2021-12-31 04:00:00-08:00,17769,5328,0.26162533758900075,imports,20365,2021-12-30 09:10:00-08:00,20881.14416666667,-44,2640,883,279,209,184,19,2266,6252,1177,-209,8317,0,,,,-0.010262705622391358,0.010158452415670264
48,2021-12-31 04:00:00-08:00,2021-12-31 04:05:00-08:00,17863,5288,0.258936441092939,imports,20422,2021-12-30 09:10:00-08:00,20899.165,-44,2603,883,278,209,185,19,2266,6244,1174,-179,8354,0,,,,-0.008765057291156595,0.008688898597155478
49,2021-12-31 04:05:00-08:00,2021-12-31 04:10:00-08:00,18037,5181,0.25301557845387507,imports,20477,2021-12-30 09:10:00-08:00,20917.185833333333,-44,2484,883,281,208,183,20,2267,6242,1186,-114,8355,0,,,,-0.005567221761000146,0.005536399397795154
50,2021-12-31 04:10:00-08:00,2021-12-31 04:15:00-08:00,18168,5113,0.24888045171339565,imports,20544,2021-12-30 09:10:00-08:00,20935.20666666667,-44,2420,883,281,209,181,19,2266,6310,1183,-72,8296,0,,,,-0.0035046728971962616,0.0034924330616996507
51,2021-12-31 04:15:00-08:00,2021-12-31 04:20:00-08:00,18186,5089,0.2474352117469733,imports,20567,2021-12-30 09:10:00-08:00,20953.2275,-45,2426,878,281,208,181,19,2266,6371,1160,-76,8373,0,,,,-0.0036952399474886955,0.0036816354212081577
52,2021-12-31 04:20:00-08:00,2021-12-31 04:25:00-08:00,18268,5036,0.24447788727608136,imports,20599,2021-12-30 09:10:00-08:00,20971.248333333333,-44,2375,882,282,208,180,20,2266,6423,1153,-45,8398,0,,,,-0.002184572066605175,0.0021798101143189305
53,2021-12-31 04:25:00-08:00,2021-12-31 04:30:00-08:00,18323,5008,0.2426591724004264,imports,20638,2021-12-30 09:10:00-08:00,20989.26916666667,-44,2359,882,282,208,180,20,2266,6600,1141,-109,8325,0,,,,-0.005281519527085958,0.0052537716296332
54,2021-12-31 04:30:00-08:00,2021-12-31 04:35:00-08:00,18334,4980,0.24127906976744187,imports,20640,2021-12-30 09:10:00-08:00,21007.29,-44,2350,882,286,208,180,19,2266,6763,1118,-121,8238,0,,,,-0.005862403100775194,0.00582823563412167
55,2021-12-31 04:35:00-08:00,2021-12-31 04:40:00-08:00,18347,4963,0.24022265246853824,imports,20660,2021-12-30 09:10:00-08:00,21080.320833333335,-44,2357,882,286,208,180,19,2267,6807,1094,-94,8211,0,,,,-0.004549854791868344,0.004529247374000193
56,2021-12-31 04:40:00-08:00,2021-12-31 04:45:00-08:00,18337,4993,0.2414877152253821,imports,20676,2021-12-30 09:10:00-08:00,21153.35166666667,-44,2383,883,285,208,181,19,2267,6808,1097,-86,8188,0,,,,-0.004159411878506481,0.004142182834023697
57,2021-12-31 04:45:00-08:00,2021-12-31 04:50:00-08:00,18273,5020,0.2428405572755418,imports,20672,2021-12-30 09:10:00-08:00,21226.3825,-44,2443,883,282,208,181,19,2267,6752,1067,-88,8213,0,,,,-0.0042569659442724455,0.004238921001926782
58,2021-12-31 04:50:00-08:00,2021-12-31 04:55:00-08:00,18241,5077,0.245064439832022,imports,20717,2021-12-30 09:10:00-08:00,21299.413333333334,-43,2519,883,282,208,180,19,2267,6733,1048,-96,8265,0,,,,-0.004633875561133369,0.004612501801758516
59,2021-12-31 04:55:00-08:00,2021-12-31 05:00:00-08:00,18184,5251,0.25306024096385543,imports,20750,2021-12-30 09:10:00-08:00,21372.444166666668,-43,2609,883,283,208,179,19,2266,6673,1132,-118,8255,0,,,,-0.0056867469879518075,0.00565459076097374
60,2021-12-31 05:00:00-08:00,2021-12-31 05:05:00-08:00,18155,5399,0.25934287635699876,imports,20818,2021-12-30 09:10:00-08:00,21445.475,-43,2706,883,283,209,178,18,2268,6526,1183,-130,8309,0,,,,-0.006244596022672687,0.006205843039908345
61,2021-12-31 05:05:00-08:00,2021-12-31 05:10:00-08:00,18155,5612,0.2680294201929506,imports,20938,2021-12-30 09:10:00-08:00,21518.505833333333,-43,2826,883,284,208,179,20,2268,6605,1275,-186,8290,0,,,,-0.008883369949374343,0.008805150539670518
62,2021-12-31 05:10:00-08:00,2021-12-31 05:15:00-08:00,18179,5733,0.27240330704171817,imports,21046,2021-12-30 09:10:00-08:00,21591.536666666667,-51,2918,884,284,208,185,19,2268,6503,1305,-245,8433,0,,,,-0.011641166967594792,0.011507209619087877
63,2021-12-31 05:15:00-08:00,2021-12-31 05:20:00-08:00,18161,5817,0.27558271745309837,imports,21108,2021-12-30 09:10:00-08:00,21664.5675,-48,2995,883,284,209,190,19,2268,6484,1304,-244,8458,0,,,,-0.011559598256585181,0.011427500936680405
64,2021-12-31 05:20:00-08:00,2021-12-31 05:25:00-08:00,18158,5861,0.2771158392434988,imports,21150,2021-12-30 09:10:00-08:00,21737.598333333335,-44,3036,883,284,209,190,19,2268,6539,1303,-189,8378,0,,,,-0.008936170212765958,0.008857022353437369
65,2021-12-31 05:25:00-08:00,2021-12-31 05:30:00-08:00,18125,5991,0.28220829996702623,imports,21229,2021-12-30 09:10:00-08:00,21810.629166666666,-44,3148,884,286,208,190,20,2268,6503,1319,-208,8359,0,,,,-0.009797917942437232,0.009702850212249849
66,2021-12-31 05:30:00-08:00,2021-12-31 05:35:00-08:00,18155,6065,0.28480864052594507,imports,21295,2021-12-30 09:10:00-08:00,21883.66,-44,3184,884,286,208,191,20,2267,6499,1356,-231,8346,0,,,,-0.010847616811458089,0.010731208770788814
67,2021-12-31 05:35:00-08:00,2021-12-31 05:40:00-08:00,18205,6113,0.286055217594759,imports,21370,2021-12-30 09:10:00-08:00,22002.48,-44,3209,884,284,208,191,20,2268,6494,1381,-213,8350,0,,,,-0.009967243799719232,0.009868878283834499
68,2021-12-31 05:40:00-08:00,2021-12-31 05:45:00-08:00,18250,6156,0.28688600987976515,imports,21458,2021-12-30 09:10:00-08:00,22121.3,-44,3252,883,284,208,192,20,2267,6511,1381,-208,8381,0,,,,-0.009693354459875105,0.009600295393704422
69,2021-12-31 05:45:00-08:00,2021-12-31 05:50:00-08:00,18236,6218,0.28900766906809205,imports,21515,2021-12-30 09:10:00-08:00,22240.12,-44,3323,883,285,207,192,19,2267,6552,1372,-203,8323,0,,,,-0.009435277713223333,0.0093470853669767
70,2021-12-31 05:50:00-08:00,2021-12-31 05:55:00-08:00,18224,6283,0.2912301844813201,imports,21574,2021-12-30 09:10:00-08:00,22358.94,-44,3394,883,287,208,191,19,2268,6481,1364,-199,8361,0,,,,-0.009224066005376843,0.009139760253525009
71,2021-12-31 05:55:00-08:00,2021-12-31 06:00:00-08:00,18161,6416,0.2965839227106735,imports,21633,2021-12-30 09:10:00-08:00,22477.76,-44,3516,884,285,207,191,19,2267,6499,1377,-190,8289,0,,,,-0.008782878010447002,0.00870641066764423
72,2021-12-31 06:00:00-08:00,2021-12-31 06:05:00-08:00,18077,6559,0.3022859249700433,imports,21698,2021-12-30 09:10:00-08:00,22596.58,-44,3665,884,284,208,191,18,2268,6456,1371,-141,8213,0,,,,-0.006498294773711863,0.006456339575987911
73,2021-12-31 06:05:00-08:00,2021-12-31 06:10:00-08:00,18231,6707,0.30583675330597354,imports,21930,2021-12-30 09:10:00-08:00,22715.4,-44,3743,883,286,208,196,19,2268,6432,1435,-109,8288,0,,,,-0.004970360237118103,0.004945777939107945
74,2021-12-31 06:10:00-08:00,2021-12-31 06:15:00-08:00,18402,6748,0.3050219228856846,imports,22123,2021-12-30 09:10:00-08:00,22834.22,-44,3765,881,286,207,203,18,2267,6513,1450,-72,8238,0,,,,-0.003254531483071916,0.0032439738679882857
75,2021-12-31 06:15:00-08:00,2021-12-31 06:20:00-08:00,18543,6765,0.3042090116017627,imports,22238,2021-12-30 09:10:00-08:00,22953.04,-44,3739,884,286,207,202,19,2269,6645,1491,-35,8219,0,,,,-0.00157388254339419,0.0015714093296816773
76,2021-12-31 06:20:00-08:00,2021-12-31 06:25:00-08:00,18587,6784,0.30446099991024145,imports,22282,2021-12-30 09:10:00-08:00,23071.86,-44,3739,884,287,207,202,20,2268,6718,1509,-81,8219,0,,,,-0.003635221254824522,0.003622054286097572
77,2021-12-31 06:25:00-08:00,2021-12-31 06:30:00-08:00,18610,6831,0.30573333930089963,imports,22343,2021-12-30 09:10:00-08:00,23190.68,-44,3777,884,287,207,201,19,2268,6790,1519,7,8081,0,,,,0.0003132972295573558,-0.0003133954154727794
78,2021-12-31 06:30:00-08:00,2021-12-31 06:35:00-08:00,18639,6864,0.3061961903912209,imports,22417,2021-12-30 09:10:00-08:00,23309.5,-44,3822,884,287,207,201,19,2268,6733,1507,24,8112,0,,,,0.0010706160503189544,-0.0010717634975215468
79,2021-12-31 06:35:00-08:00,2021-12-31 06:40:00-08:00,18715,6858,0.3045022644525353,imports,22522,2021-12-30 09:10:00-08:00,23370.583333333332,-44,3851,885,286,207,202,19,2268,6745,1471,38,8179,0,,,,0.0016872391439481395,-0.0016900907311866217
80,2021-12-31 06:40:00-08:00,2021-12-31 06:45:00-08:00,18748,6920,0.3064251870876323,imports,22583,2021-12-30 09:10:00-08:00,23431.666666666668,-44,3879,885,287,207,201,18,2268,6812,1505,81,8109,0,,,,0.003586768808395696,-0.0035996800284419164
81,2021-12-31 06:45:00-08:00,2021-12-31 06:50:00-08:00,18796,6897,0.30506900212314225,imports,22608,2021-12-30 09:10:00-08:00,23492.75,-44,3856,884,286,206,201,19,2268,6799,1508,79,8100,0,,,,0.003494338287331918,-0.003506591504283368
82,2021-12-31 06:50:00-08:00,2021-12-31 06:55:00-08:00,18835,6889,0.30468819106590006,imports,22610,2021-12-30 09:10:00-08:00,23553.833333333332,-37,3812,884,289,207,201,19,2268,6745,1533,75,8125,0,,,,0.0033171163202122956,-0.0033281562014643887
83,2021-12-31 06:55:00-08:00,2021-12-31 07:00:00-08:00,18936,6815,0.30101590106007065,imports,22640,2021-12-30 09:10:00-08:00,23614.916666666668,-23,3727,884,287,207,201,18,2267,6712,1532,86,8196,0,,,,0.0037985865724381625,-0.0038130708521769974
84,2021-12-31 07:00:00-08:00,2021-12-31 07:05:00-08:00,19065,6758,0.2981295217928357,imports,22668,2021-12-30 09:10:00-08:00,23676.0,-1,3604,884,288,206,201,19,2269,6851,1576,134,8161,0,,,,0.005911416975472031,-0.005946569628117512
85,2021-12-31 07:05:00-08:00,2021-12-31 07:10:00-08:00,19261,6867,0.3012502741829349,imports,22795,2021-12-30 09:10:00-08:00,23737.083333333332,27,3507,883,287,207,199,20,2269,6927,1757,207,8018,0,,,,0.00908093880236894,-0.00916415795997875
86,2021-12-31 07:10:00-08:00,2021-12-31 07:15:00-08:00,19404,6945,0.3036463798530955,imports,22872,2021-12-30 09:10:00-08:00,23798.166666666668,64,3404,883,287,206,198,20,2268,6763,1903,228,8049,0,,,,0.009968520461699895,-0.010068892421833599
87,2021-12-31 07:15:00-08:00,2021-12-31 07:20:00-08:00,19457,6971,0.3040917815389984,imports,22924,2021-12-30 09:10:00-08:00,23859.25,113,3354,885,287,206,199,20,2268,6733,1927,280,7980,0,,,,0.012214273250741581,-0.012365306482953541
88,2021-12-31 07:20:00-08:00,2021-12-31 07:25:00-08:00,19454,7001,0.3048153953326367,imports,22968,2021-12-30 09:10:00-08:00,23920.333333333332,209,3305,884,288,206,199,20,2268,6757,1910,277,7920,0,,,,0.012060257749912923,-0.012207483143096382
89,2021-12-31 07:25:00-08:00,2021-12-31 07:30:00-08:00,19383,7079,0.3078763101813595,imports,22993,2021-12-30 09:10:00-08:00,23981.416666666668,315,3295,884,285,206,199,20,2268,6795,1895,332,7758,0,,,,0.01443917714086896,-0.014650721503905388
90,2021-12-31 07:30:00-08:00,2021-12-31 07:35:00-08:00,19238,7182,0.3125734430082256,imports,22977,2021-12-30 09:10:00-08:00,24042.5,422,3317,884,286,206,200,20,2268,6765,1867,294,7676,0,,,,0.012795404099751925,-0.012961248512101575
91,2021-12-31 07:35:00-08:00,2021-12-31 07:40:00-08:00,19104,7309,0.3176859216760117,imports,23007,2021-12-30 09:10:00-08:00,24050.0925,589,3314,883,287,206,202,20,2268,6812,1828,238,7600,0,,,,0.010344677706784891,-0.010452808643330844
92,2021-12-31 07:40:00-08:00,2021-12-31 07:45:00-08:00,18894,7504,0.3262466849267423,imports,23001,2021-12-30 09:10:00-08:00,24057.685,797,3310,883,287,206,202,20,2268,6816,1819,195,7453,0,,,,0.008477892265553672,-0.008550381478558274
93,2021-12-31 07:45:00-08:00,2021-12-31 07:50:00-08:00,18657,7741,0.33615598401945457,imports,23028,2021-12-30 09:10:00-08:00,24065.2775,1001,3370,882,287,206,201,20,2268,6741,1794,60,7405,0,,,,0.0026055237102657635,-0.002612330198537095
94,2021-12-31 07:50:00-08:00,2021-12-31 07:55:00-08:00,18285,8055,0.3503697259678121,imports,22990,2021-12-30 09:10:00-08:00,24072.87,1289,3416,882,287,206,200,19,2269,6679,1775,-37,7294,0,,,,-0.0016093953892996956,0.0016068093976636124
95,2021-12-31 07:55:00-08:00,2021-12-31 08:00:00-08:00,18061,8293,0.36007989231904824,imports,23031,2021-12-30 09:10:00-08:00,24080.4625,1559,3411,882,288,206,184,19,2269,6635,1763,-44,7134,0,,,,-0.001910468498979636,0.0019068255687973998
96,2021-12-31 08:00:00-08:00,2021-12-31 08:05:00-08:00,17781,8555,0.37184335202329727,imports,23007,2021-12-30 09:10:00-08:00,24088.055,1831,3395,882,290,206,168,19,2269,6699,1783,29,6749,0,,,,0.0012604859390620245,-0.0012620767690834712
97,2021-12-31 08:05:00-08:00,2021-12-31 08:10:00-08:00,17553,8505,0.3687245296106824,imports,23066,2021-12-30 09:10:00-08:00,24095.6475,2143,3370,882,289,205,158,19,2268,6686,1458,37,6750,0,,,,0.0016040926038324806,-0.0016066698510573624
98,2021-12-31 08:10:00-08:00,2021-12-31 08:15:00-08:00,17364,8632,0.373469476052438,natural_gas,23113,2021-12-30 09:10:00-08:00,24103.24,2438,3311,883,287,205,149,19,2269,6955,1359,61,6556,0,,,,0.002639207372474365,-0.002646191219850772
99,2021-12-31 08:15:00-08:00,2021-12-31 08:20:00-08:00,17129,8850,0.3832164198493115,natural_gas,23094,2021-12-30 09:10:00-08:00,24110.8325,2690,3275,881,286,205,147,19,2268,6936,1366,116,6301,0,,,,0.00502294968390058,-0.005048307076333885
100,2021-12-31 08:20:00-08:00,2021-12-31 08:25:00-08:00,16987,8987,0.38948600156019764,natural_gas,23074,2021-12-30 09:10:00-08:00,24118.425,2872,3215,882,286,205,137,19,2269,6885,1390,159,6151,0,,,,0.00689087284389356,-0.006938686449923631
101,2021-12-31 08:25:00-08:00,2021-12-31 08:30:00-08:00,16921,9003,0.39134970658552487,natural_gas,23005,2021-12-30 09:10:00-08:00,24126.0175,2940,3144,882,285,205,128,19,2269,6733,1419,224,6039,0,,,,0.009737013692675505,-0.009832755366314033
102,2021-12-31 08:30:00-08:00,2021-12-31 08:35:00-08:00,16695,9108,0.39785087144542,natural_gas,22893,2021-12-30 09:10:00-08:00,24133.61,3112,3086,881,280,204,128,19,2269,6636,1417,162,5899,0,,,,0.007076398899226838,-0.007126831199683252
103,2021-12-31 08:35:00-08:00,2021-12-31 08:40:00-08:00,16453,9249,0.4053556558706228,natural_gas,22817,2021-12-30 09:10:00-08:00,24108.54,3325,3039,882,282,205,127,19,2267,6670,1389,128,5764,0,,,,0.005609852303107332,-0.0056415002864824365
104,2021-12-31 08:40:00-08:00,2021-12-31 08:45:00-08:00,16202,9405,0.41346111575152766,natural_gas,22747,2021-12-30 09:10:00-08:00,24083.47,3511,3034,882,285,205,127,19,2268,6580,1361,58,5708,0,,,,0.0025497867850705585,-0.002556304817312354
105,2021-12-31 08:45:00-08:00,2021-12-31 08:50:00-08:00,15808,9724,0.4284077892325315,natural_gas,22698,2021-12-30 09:10:00-08:00,24058.4,3808,3082,882,285,205,127,19,2268,6548,1335,38,5521,0,,,,0.001674156313331571,-0.001676963812886143
106,2021-12-31 08:50:00-08:00,2021-12-31 08:55:00-08:00,15419,9976,0.4403248587570621,natural_gas,22656,2021-12-30 09:10:00-08:00,24033.33,4101,3136,882,284,205,130,19,2268,6466,1238,-91,5416,0,,,,-0.00401659604519774,0.004000527542093463
107,2021-12-31 08:55:00-08:00,2021-12-31 09:00:00-08:00,15230,10159,0.44885786241329034,natural_gas,22633,2021-12-30 09:10:00-08:00,24008.260000000002,4275,3128,882,284,204,139,19,2268,6758,1247,-258,5458,0,,,,-0.011399284230990148,0.011270805119916124
108,2021-12-31 09:00:00-08:00,2021-12-31 09:05:00-08:00,15138,10231,0.4528794652737816,natural_gas,22591,2021-12-30 09:10:00-08:00,23983.190000000002,4286,3167,881,285,204,138,19,2268,6875,1270,-257,5368,0,,,,-0.011376211765747421,0.011248249299719888
109,2021-12-31 09:05:00-08:00,2021-12-31 09:10:00-08:00,15288,10047,0.4439878032613019,natural_gas,22629,2021-12-30 09:10:00-08:00,23958.12,4102,3239,883,286,203,138,19,2268,6554,1196,-60,5434,0,,,,-0.0026514649343762427,0.002644453259288642
110,2021-12-31 09:10:00-08:00,2021-12-31 09:15:00-08:00,15369,9951,0.4397648930528549,natural_gas,22628,2021-12-30 09:10:00-08:00,23933.05,3928,3331,882,286,203,138,20,2267,6436,1183,7,5487,0,,,,0.000309351246243592,-0.0003094469740506609
111,2021-12-31 09:15:00-08:00,2021-12-31 09:20:00-08:00,15138,9926,0.4400798049213035,natural_gas,22555,2021-12-30 09:10:00-08:00,23907.98,4067,3350,882,287,203,138,20,2267,6379,999,37,5479,0,,,,0.0016404344934604301,-0.001643129940492051
112,2021-12-31 09:20:00-08:00,2021-12-31 09:25:00-08:00,14934,9779,0.4349508517546591,natural_gas,22483,2021-12-30 09:10:00-08:00,23882.91,4143,3406,882,287,203,138,20,2268,6537,720,137,5573,0,,,,0.006093492861272962,-0.006130851159044124
113,2021-12-31 09:25:00-08:00,2021-12-31 09:30:00-08:00,14747,9853,0.43998392426542826,natural_gas,22394,2021-12-30 09:10:00-08:00,23857.84,4203,3444,881,285,204,138,19,2268,6377,698,118,5571,0,,,,0.0052692685540769845,-0.005297180822409768
114,2021-12-31 09:30:00-08:00,2021-12-31 09:35:00-08:00,14286,10208,0.45734767025089607,natural_gas,22320,2021-12-30 09:10:00-08:00,23832.77,4547,3487,881,286,203,139,18,2268,6316,665,9,5472,0,,,,0.0004032258064516129,-0.0004033884630899556
115,2021-12-31 09:35:00-08:00,2021-12-31 09:40:00-08:00,13605,10772,0.48409131763436997,natural_gas,22252,2021-12-30 09:10:00-08:00,23790.095833333333,5162,3485,880,285,203,139,18,2267,6496,618,-320,5325,0,,,,-0.014380729822038469,0.01417685628211944
116,2021-12-31 09:40:00-08:00,2021-12-31 09:45:00-08:00,13029,11283,0.508357738229331,natural_gas,22195,2021-12-30 09:10:00-08:00,23747.42166666667,5675,3491,881,286,201,138,17,2267,6686,611,-493,5052,0,,,,-0.022212209957197568,0.021729548660084627
117,2021-12-31 09:45:00-08:00,2021-12-31 09:50:00-08:00,13044,11104,0.5011734970211229,natural_gas,22156,2021-12-30 09:10:00-08:00,23704.7475,5643,3469,881,285,200,137,18,2268,6844,489,-579,5323,0,,,,-0.026132875970391767,0.02546734110402463
118,2021-12-31 09:50:00-08:00,2021-12-31 09:55:00-08:00,12511,11371,0.5161597821152973,natural_gas,22030,2021-12-30 09:10:00-08:00,23662.073333333334,6031,3488,881,281,200,137,18,2267,6929,353,-603,4986,0,,,,-0.02737176577394462,0.026642513144523483
119,2021-12-31 09:55:00-08:00,2021-12-31 10:00:00-08:00,11973,11690,0.5353054309002656,natural_gas,21838,2021-12-30 09:10:00-08:00,23619.399166666666,6376,3489,881,280,200,138,18,2268,6966,326,-758,4939,0,,,,-0.034710138291052295,0.03354576031155957
120,2021-12-31 10:00:00-08:00,2021-12-31 10:05:00-08:00,12063,11623,0.532700857051194,natural_gas,21819,2021-12-30 09:10:00-08:00,23576.725,6218,3538,882,285,200,138,18,2268,7070,362,-682,4849,0,,,,-0.03125716118978872,0.030309764010488422
121,2021-12-31 10:05:00-08:00,2021-12-31 10:10:00-08:00,12259,11421,0.523298969072165,natural_gas,21825,2021-12-30 09:10:00-08:00,23534.050833333335,6007,3559,881,283,202,139,19,2267,6654,350,-393,4779,0,,,,-0.018006872852233676,0.017688360788549823
122,2021-12-31 10:10:00-08:00,2021-12-31 10:15:00-08:00,12549,11125,0.5099935821032364,natural_gas,21814,2021-12-30 09:10:00-08:00,23491.376666666667,5734,3531,881,285,201,139,19,2266,6459,354,-390,5158,0,,,,-0.017878426698450536,0.01756440281030445
123,2021-12-31 10:15:00-08:00,2021-12-31 10:20:00-08:00,12596,10995,0.5065886472539624,natural_gas,21704,2021-12-30 09:10:00-08:00,23448.7025,5615,3493,881,283,201,139,19,2267,6304,383,-227,5130,0,,,,-0.010458901584961298,0.01035064520541699
124,2021-12-31 10:20:00-08:00,2021-12-31 10:25:00-08:00,12211,11433,0.5310758082497213,solar,21528,2021-12-30 09:10:00-08:00,23406.028333333335,5801,3516,879,282,201,139,18,2267,5623,615,-123,4653,0,,,,-0.005713489409141583,0.005681030899265623
125,2021-12-31 10:25:00-08:00,2021-12-31 10:30:00-08:00,12396,11269,0.5219304339771201,solar,21591,2021-12-30 09:10:00-08:00,23363.354166666668,5631,3564,880,282,201,139,18,2267,5467,572,-157,4961,0,,,,-0.0072715483303228195,0.007219054625712709
126,2021-12-31 10:30:00-08:00,2021-12-31 10:35:00-08:00,12331,11289,0.5247036950964443,solar,21515,2021-12-30 09:10:00-08:00,23320.68,5617,3567,880,282,202,138,18,2267,5405,603,-133,4942,0,,,,-0.006181733674180804,0.006143754619364375
127,2021-12-31 10:35:00-08:00,2021-12-31 10:40:00-08:00,11908,11596,0.5406060606060606,solar,21450,2021-12-30 09:10:00-08:00,23279.61,5940,3602,880,282,201,138,18,2267,5289,553,-212,4796,0,,,,-0.009883449883449883,0.009786723294247991
128,2021-12-31 10:40:00-08:00,2021-12-31 10:45:00-08:00,11495,11900,0.5565428865400804,solar,21382,2021-12-30 09:10:00-08:00,23238.54,6232,3655,880,285,202,138,18,2267,5349,508,-458,4729,0,,,,-0.021419885885324105,0.02097069597069597
129,2021-12-31 10:45:00-08:00,2021-12-31 10:50:00-08:00,11318,12013,0.5639376584358277,solar,21302,2021-12-30 09:10:00-08:00,23197.47,6294,3690,880,284,203,139,19,2267,5635,523,-635,4746,0,,,,-0.029809407567364568,0.02894652869581073
130,2021-12-31 10:50:00-08:00,2021-12-31 10:55:00-08:00,11188,12098,0.5698539802166745,solar,21230,2021-12-30 09:10:00-08:00,23156.4,6377,3665,880,280,203,138,19,2267,5675,555,-558,4481,0,,,,-0.026283560998586905,0.02561042775839912
131,2021-12-31 10:55:00-08:00,2021-12-31 11:00:00-08:00,10884,12330,0.5828409359489483,solar,21155,2021-12-30 09:10:00-08:00,23115.33,6590,3681,880,278,204,139,19,2267,5653,558,-584,4245,0,,,,-0.02760576695816592,0.02686416118496711
132,2021-12-31 11:00:00-08:00,2021-12-31 11:05:00-08:00,10531,12618,0.5977545122933346,solar,21109,2021-12-30 09:10:00-08:00,23074.260000000002,6863,3715,879,285,203,139,18,2267,5530,534,-545,4051,0,,,,-0.025818371310815293,0.025168560081278286
133,2021-12-31 11:05:00-08:00,2021-12-31 11:10:00-08:00,10214,12845,0.6106198897128732,solar,21036,2021-12-30 09:10:00-08:00,23033.19,7034,3788,880,285,203,141,19,2266,5084,514,-470,4038,0,,,,-0.022342650694048297,0.021854366223379523
134,2021-12-31 11:10:00-08:00,2021-12-31 11:15:00-08:00,10077,13008,0.6173999715221415,solar,21069,2021-12-30 09:10:00-08:00,22992.12,7135,3857,880,283,204,149,19,2266,4910,500,-459,4013,0,,,,-0.021785561725758223,0.021321070234113712
135,2021-12-31 11:15:00-08:00,2021-12-31 11:20:00-08:00,9932,13076,0.6230226796264532,solar,20988,2021-12-30 09:10:00-08:00,22951.05,7177,3879,880,284,203,148,19,2266,4950,505,-414,3702,0,,,,-0.01972555746140652,0.01934398654331371
136,2021-12-31 11:20:00-08:00,2021-12-31 11:25:00-08:00,9910,13085,0.6244929127093972,solar,20953,2021-12-30 09:10:00-08:00,22909.98,7099,3944,880,286,204,148,19,2266,4922,524,-380,3547,0,,,,-0.018135827805087577,0.017812778324661323
137,2021-12-31 11:25:00-08:00,2021-12-31 11:30:00-08:00,10214,12819,0.6122653675311649,solar,20937,2021-12-30 09:10:00-08:00,22868.91,6747,3976,880,284,203,148,19,2266,4921,581,-78,3502,0,,,,-0.003725462100587477,0.0037116345467523197
138,2021-12-31 11:30:00-08:00,2021-12-31 11:35:00-08:00,10316,12685,0.6073446327683616,solar,20886,2021-12-30 09:10:00-08:00,22827.84,6528,4042,880,285,203,149,19,2265,4806,598,17,3512,0,,,,0.0008139423537297712,-0.0008146053955627965
139,2021-12-31 11:35:00-08:00,2021-12-31 11:40:00-08:00,10385,12460,0.5958871353419417,solar,20910,2021-12-30 09:10:00-08:00,22794.640833333335,6460,4065,879,285,203,149,19,2265,4959,419,-1,3660,0,,,,-4.7824007651841225e-05,4.782172062550811e-05
140,2021-12-31 11:40:00-08:00,2021-12-31 11:45:00-08:00,10017,12701,0.6070643341936718,solar,20922,2021-12-30 09:10:00-08:00,22761.441666666666,6776,4129,880,286,204,150,19,2265,5089,276,-188,3605,0,,,,-0.00898575661982602,0.008905731880625297
141,2021-12-31 11:45:00-08:00,2021-12-31 11:50:00-08:00,10174,12543,0.5995697896749522,solar,20920,2021-12-30 09:10:00-08:00,22728.2425,6559,4187,880,280,203,150,18,2266,5250,284,-36,3612,0,,,,-0.0017208413001912047,0.0017178850925749188
142,2021-12-31 11:50:00-08:00,2021-12-31 11:55:00-08:00,10009,12668,0.6068793714668966,solar,20874,2021-12-30 09:10:00-08:00,22695.043333333335,6655,4210,880,278,203,149,19,2266,5190,293,-99,3517,0,,,,-0.004742742167289451,0.0047203547418108996
143,2021-12-31 11:55:00-08:00,2021-12-31 12:00:00-08:00,9791,12816,0.6152369065335318,solar,20831,2021-12-30 09:10:00-08:00,22661.844166666666,6847,4193,880,283,203,149,18,2266,5189,261,-168,3415,0,,,,-0.008064903269166146,0.008000380970522405
144,2021-12-31 12:00:00-08:00,2021-12-31 12:05:00-08:00,9522,13043,0.6280032741104531,solar,20769,2021-12-30 09:10:00-08:00,22628.645,7001,4246,880,285,203,149,18,2266,5195,279,-196,3254,0,,,,-0.009437141894169195,0.009348914858096828
145,2021-12-31 12:05:00-08:00,2021-12-31 12:10:00-08:00,9400,13165,0.6347637415621986,solar,20740,2021-12-30 09:10:00-08:00,22595.445833333335,7077,4263,879,286,204,149,18,2266,5170,307,-220,3204,0,,,,-0.010607521697203472,0.01049618320610687
146,2021-12-31 12:10:00-08:00,2021-12-31 12:15:00-08:00,9375,13342,0.6394440450515216,solar,20865,2021-12-30 09:10:00-08:00,22562.246666666666,7220,4270,880,285,205,150,18,2266,5170,332,-234,3116,0,,,,-0.011214953271028037,0.011090573012939002
147,2021-12-31 12:15:00-08:00,2021-12-31 12:20:00-08:00,9277,13425,0.6438848920863309,solar,20850,2021-12-30 09:10:00-08:00,22529.0475,7248,4325,880,286,206,150,18,2266,5128,330,-190,2955,0,,,,-0.009112709832134292,0.00903041825095057
148,2021-12-31 12:20:00-08:00,2021-12-31 12:25:00-08:00,9082,13561,0.6525672489293104,solar,20781,2021-12-30 09:10:00-08:00,22495.848333333335,7303,4396,881,287,206,150,18,2266,5111,338,-197,2821,0,,,,-0.009479813290986959,0.00939079035179712
149,2021-12-31 12:25:00-08:00,2021-12-31 12:30:00-08:00,8986,13595,0.6545498314877227,solar,20770,2021-12-30 09:10:00-08:00,22462.649166666666,7314,4470,880,284,206,150,18,2266,5007,291,-117,2756,0,,,,-0.005633124699085219,0.005601570354766123
150,2021-12-31 12:30:00-08:00,2021-12-31 12:35:00-08:00,8635,13931,0.6707270101107367,solar,20770,2021-12-30 09:10:00-08:00,22429.45,7603,4532,880,283,206,149,17,2265,4974,278,-279,2621,0,,,,-0.013432835820895522,0.013254786450662739
151,2021-12-31 12:35:00-08:00,2021-12-31 12:40:00-08:00,8569,14046,0.6753858729624465,solar,20797,2021-12-30 09:10:00-08:00,22408.948333333334,7708,4520,880,284,206,149,18,2265,5068,299,-128,2422,0,,,,-0.006154733855844593,0.006117084826762246
152,2021-12-31 12:40:00-08:00,2021-12-31 12:45:00-08:00,8703,13981,0.6708411304639893,solar,20841,2021-12-30 09:10:00-08:00,22388.446666666667,7583,4555,880,287,206,149,17,2265,5002,321,18,2330,0,,,,0.0008636821649632935,-0.000864428756663305
153,2021-12-31 12:45:00-08:00,2021-12-31 12:50:00-08:00,8670,13998,0.672722029988466,solar,20808,2021-12-30 09:10:00-08:00,22367.945,7615,4523,881,288,206,150,17,2265,4932,335,-112,2462,0,,,,-0.005382545174932718,0.005353728489483747
154,2021-12-31 12:50:00-08:00,2021-12-31 12:55:00-08:00,8907,13852,0.6648109042042618,solar,20836,2021-12-30 09:10:00-08:00,22347.443333333333,7396,4533,880,287,206,150,17,2264,4913,400,-17,2608,0,,,,-0.000815895565367633,0.0008152304224811778
155,2021-12-31 12:55:00-08:00,2021-12-31 13:00:00-08:00,8940,13808,0.6643891642207573,solar,20783,2021-12-30 09:10:00-08:00,22326.941666666666,7296,4547,881,286,207,150,18,2264,4877,441,-199,2798,0,,,,-0.009575133522590578,0.009484319893241826
156,2021-12-31 13:00:00-08:00,2021-12-31 13:05:00-08:00,8840,13830,0.6661849710982659,solar,20760,2021-12-30 09:10:00-08:00,22306.440000000002,7335,4585,880,284,206,150,18,2265,4958,390,-251,2802,0,,,,-0.012090558766859345,0.01194612345914045
157,2021-12-31 13:05:00-08:00,2021-12-31 13:10:00-08:00,8639,13995,0.6736786367574853,solar,20774,2021-12-30 09:10:00-08:00,22285.938333333335,7504,4631,880,285,206,150,18,2264,4987,339,-354,2884,0,,,,-0.017040531433522674,0.01675501703900038
158,2021-12-31 13:10:00-08:00,2021-12-31 13:15:00-08:00,8620,13962,0.6721224666634573,solar,20773,2021-12-30 09:10:00-08:00,22265.43666666667,7494,4659,880,283,206,149,17,2264,4868,291,-250,2932,0,,,,-0.012034852934097146,0.011891737620701138
159,2021-12-31 13:15:00-08:00,2021-12-31 13:20:00-08:00,8630,14005,0.6735763755290496,solar,20792,2021-12-30 09:10:00-08:00,22244.935,7540,4622,880,286,206,149,17,2264,4836,322,-298,2953,0,,,,-0.014332435552135437,0.014129919393077287
160,2021-12-31 13:20:00-08:00,2021-12-31 13:25:00-08:00,8619,14031,0.6739840522624652,solar,20818,2021-12-30 09:10:00-08:00,22224.433333333334,7569,4630,879,286,206,149,17,2264,4814,312,-293,2898,0,,,,-0.014074358728023826,0.013879020415896925
161,2021-12-31 13:25:00-08:00,2021-12-31 13:30:00-08:00,8783,13876,0.666122605731842,solar,20831,2021-12-30 09:10:00-08:00,22203.931666666667,7448,4600,880,285,206,149,17,2264,4803,308,-198,2991,0,,,,-0.00950506456723153,0.009415568976175757
162,2021-12-31 13:30:00-08:00,2021-12-31 13:35:00-08:00,8656,14013,0.6717319399837016,solar,20861,2021-12-30 09:10:00-08:00,22183.43,7586,4619,880,281,206,149,17,2265,4792,292,-291,2979,0,,,,-0.01394947509707109,0.013757564296520424
163,2021-12-31 13:35:00-08:00,2021-12-31 13:40:00-08:00,8518,14149,0.677082834856678,solar,20897,2021-12-30 09:10:00-08:00,22221.345833333333,7746,4633,879,280,206,149,17,2264,4839,256,-289,2950,0,,,,-0.013829736325788392,0.01364108373454168
164,2021-12-31 13:40:00-08:00,2021-12-31 13:45:00-08:00,8596,14094,0.6736127706351862,solar,20923,2021-12-30 09:10:00-08:00,22259.261666666665,7656,4671,878,286,206,150,17,2265,4931,247,-305,3054,0,,,,-0.014577259475218658,0.014367816091954023
165,2021-12-31 13:45:00-08:00,2021-12-31 13:50:00-08:00,8763,14064,0.6692681069763015,solar,21014,2021-12-30 09:10:00-08:00,22297.177499999998,7580,4671,879,287,206,149,17,2265,4941,292,-313,3113,0,,,,-0.014894832016750738,0.014676232006376893
166,2021-12-31 13:50:00-08:00,2021-12-31 13:55:00-08:00,8882,14035,0.6662078131675132,solar,21067,2021-12-30 09:10:00-08:00,22335.093333333334,7467,4718,879,286,206,149,19,2264,4895,330,-148,3041,0,,,,-0.007025205297384535,0.006976196087673816
167,2021-12-31 13:55:00-08:00,2021-12-31 14:00:00-08:00,8727,14146,0.6728180737217598,solar,21025,2021-12-30 09:10:00-08:00,22373.009166666667,7561,4737,879,286,206,149,19,2263,4790,328,-154,2905,0,,,,-0.00732461355529132,0.0072713536994192364
168,2021-12-31 14:00:00-08:00,2021-12-31 14:05:00-08:00,8621,14237,0.6767599942957646,solar,21037,2021-12-30 09:10:00-08:00,22410.925,7669,4747,878,284,205,149,19,2264,4832,305,-165,2790,0,,,,-0.007843323667823358,0.007782284690123573
169,2021-12-31 14:05:00-08:00,2021-12-31 14:10:00-08:00,8552,14256,0.6783080363515249,solar,21017,2021-12-30 09:10:00-08:00,22448.840833333332,7785,4680,879,284,206,150,19,2264,4841,272,-267,2702,0,,,,-0.012704001522576962,0.012544634467205412
170,2021-12-31 14:10:00-08:00,2021-12-31 14:15:00-08:00,8523,14358,0.6814428096820123,solar,21070,2021-12-30 09:10:00-08:00,22486.756666666664,7927,4620,878,285,206,150,19,2264,4990,292,-379,2720,0,,,,-0.01798766018035121,0.017669821436896826
171,2021-12-31 14:15:00-08:00,2021-12-31 14:20:00-08:00,8584,14353,0.6804304541575803,solar,21094,2021-12-30 09:10:00-08:00,22524.6725,7869,4641,878,286,205,152,19,2265,5003,322,-346,2713,0,,,,-0.016402768559780033,0.016138059701492537
172,2021-12-31 14:20:00-08:00,2021-12-31 14:25:00-08:00,8716,14352,0.6768534238822863,solar,21204,2021-12-30 09:10:00-08:00,22562.588333333333,7830,4658,878,287,205,156,19,2265,4993,338,-315,2760,0,,,,-0.014855687606112054,0.014638226683396068
173,2021-12-31 14:25:00-08:00,2021-12-31 14:30:00-08:00,9041,14179,0.6661498708010336,solar,21285,2021-12-30 09:10:00-08:00,22600.504166666666,7577,4667,878,287,206,156,20,2265,4936,408,-126,2804,0,,,,-0.005919661733615222,0.0058848255569567045
174,2021-12-31 14:30:00-08:00,2021-12-31 14:35:00-08:00,9051,14251,0.6676192260845123,solar,21346,2021-12-30 09:10:00-08:00,22638.42,7615,4680,878,286,205,157,20,2265,4782,430,11,2660,0,,,,0.0005153190293263375,-0.0005155847199437544
175,2021-12-31 14:35:00-08:00,2021-12-31 14:40:00-08:00,9121,14218,0.6645788538842666,solar,21394,2021-12-30 09:10:00-08:00,22716.016666666666,7653,4620,879,286,205,156,20,2265,4885,419,-54,2641,0,,,,-0.0025240721697672246,0.0025177172696754942
176,2021-12-31 14:40:00-08:00,2021-12-31 14:45:00-08:00,9484,13951,0.6496693676073391,solar,21474,2021-12-30 09:10:00-08:00,22793.61333333333,7398,4592,878,285,205,156,20,2264,5060,437,79,2700,0,,,,0.00367886746763528,-0.0036924515073615332
177,2021-12-31 14:45:00-08:00,2021-12-31 14:50:00-08:00,9931,13612,0.6314129325540403,solar,21558,2021-12-30 09:10:00-08:00,22871.21,7051,4576,880,283,206,156,21,2264,5238,460,280,2698,0,,,,0.012988217830967623,-0.013159131497321177
178,2021-12-31 14:50:00-08:00,2021-12-31 14:55:00-08:00,10312,13597,0.6306001298580837,solar,21562,2021-12-30 09:10:00-08:00,22948.806666666667,6700,4550,880,283,205,157,22,2265,5176,822,201,2576,0,,,,0.00932195529171691,-0.009409671831843078
179,2021-12-31 14:55:00-08:00,2021-12-31 15:00:00-08:00,10619,13355,0.616261363111993,solar,21671,2021-12-30 09:10:00-08:00,23026.403333333332,6499,4553,880,286,205,157,20,2264,5250,775,45,2900,0,,,,0.0020765077753680033,-0.002080828632201979
180,2021-12-31 15:00:00-08:00,2021-12-31 15:05:00-08:00,10844,13194,0.6060633899862196,solar,21770,2021-12-30 09:10:00-08:00,23104.0,6389,4537,881,286,205,156,20,2264,5440,740,-172,3174,0,,,,-0.00790078089113459,0.007838847871661654
181,2021-12-31 15:05:00-08:00,2021-12-31 15:10:00-08:00,11166,13251,0.6067307692307692,solar,21840,2021-12-30 09:10:00-08:00,23181.596666666668,6149,4525,880,285,205,156,20,2264,5727,1051,-231,3103,0,,,,-0.010576923076923078,0.010466222645099905
182,2021-12-31 15:10:00-08:00,2021-12-31 15:15:00-08:00,11794,12952,0.5909028696564624,solar,21919,2021-12-30 09:10:00-08:00,23259.193333333333,5647,4478,880,283,206,197,20,2265,5580,1261,-21,3120,0,,,,-0.0009580729047858023,0.0009571558796718322
183,2021-12-31 15:15:00-08:00,2021-12-31 15:20:00-08:00,12263,12743,0.5777304257151925,natural_gas,22057,2021-12-30 09:10:00-08:00,23336.79,5312,4482,880,282,205,197,20,2264,5482,1385,203,3071,0,,,,0.009203427483338623,-0.009288917360666239
184,2021-12-31 15:20:00-08:00,2021-12-31 15:25:00-08:00,12678,12455,0.5619473019310594,natural_gas,22164,2021-12-30 09:10:00-08:00,23414.38666666667,5054,4432,880,282,205,198,20,2264,5501,1404,237,3292,0,,,,0.010693015701136978,-0.01080859214666849
185,2021-12-31 15:25:00-08:00,2021-12-31 15:30:00-08:00,13102,12127,0.5455486076746592,natural_gas,22229,2021-12-30 09:10:00-08:00,23491.983333333334,4739,4388,880,283,206,198,21,2264,5616,1433,212,3579,0,,,,0.009537091187187909,-0.009628923104873507
186,2021-12-31 15:30:00-08:00,2021-12-31 15:35:00-08:00,13613,11765,0.5257160731042495,natural_gas,22379,2021-12-30 09:10:00-08:00,23569.58,4406,4360,880,283,206,198,20,2265,5596,1432,183,4053,0,,,,0.00817730908440949,-0.008244728779960353
187,2021-12-31 15:35:00-08:00,2021-12-31 15:40:00-08:00,14147,11350,0.5041083721963135,natural_gas,22515,2021-12-30 09:10:00-08:00,23728.585000000003,4054,4314,880,283,207,197,21,2264,5761,1415,175,4515,0,,,,0.007772596047079724,-0.00783348254252462
188,2021-12-31 15:40:00-08:00,2021-12-31 15:45:00-08:00,14585,11042,0.4872043769855277,natural_gas,22664,2021-12-30 09:10:00-08:00,23887.59,3744,4335,881,283,206,197,20,2264,5877,1396,180,4853,0,,,,0.007942110836569007,-0.008005692937199787
189,2021-12-31 15:45:00-08:00,2021-12-31 15:50:00-08:00,15210,10617,0.4653109523600824,natural_gas,22817,2021-12-30 09:10:00-08:00,24046.595,3320,4287,880,286,207,198,21,2264,6004,1439,183,5280,0,,,,0.008020335714598764,-0.008085181585225766
190,2021-12-31 15:50:00-08:00,2021-12-31 15:55:00-08:00,15861,10179,0.44316252340110585,natural_gas,22969,2021-12-30 09:10:00-08:00,24205.600000000002,2841,4267,880,285,206,198,21,2264,6146,1502,160,5725,0,,,,0.006965910575122992,-0.00701477486956903
191,2021-12-31 15:55:00-08:00,2021-12-31 16:00:00-08:00,16433,9780,0.42368842871377205,natural_gas,23083,2021-12-30 09:10:00-08:00,24364.605,2428,4222,880,286,206,198,20,2264,6405,1560,173,5979,0,,,,0.0074946930641597714,-0.0075512876473155825
192,2021-12-31 16:00:00-08:00,2021-12-31 16:05:00-08:00,17040,9535,0.41023103730155314,natural_gas,23243,2021-12-30 09:10:00-08:00,24523.61,2037,4166,881,288,206,198,20,2264,6578,1759,201,6235,0,,,,0.008647764918470077,-0.00872320111101467
193,2021-12-31 16:05:00-08:00,2021-12-31 16:10:00-08:00,17556,9416,0.4027201573927548,natural_gas,23381,2021-12-30 09:10:00-08:00,24682.615,1669,4156,881,287,206,198,21,2264,6635,2019,221,6302,0,,,,0.00945211924211967,-0.00954231433506045
194,2021-12-31 16:10:00-08:00,2021-12-31 16:15:00-08:00,18090,9143,0.3883367312266395,natural_gas,23544,2021-12-30 09:10:00-08:00,24841.62,1395,4059,881,287,206,198,19,2265,6816,2117,182,6494,0,,,,0.007730207271491675,-0.007790428901635134
195,2021-12-31 16:15:00-08:00,2021-12-31 16:20:00-08:00,18553,8885,0.3744994731296101,natural_gas,23725,2021-12-30 09:10:00-08:00,25000.625,1143,4029,880,285,206,204,20,2264,7086,2138,233,6623,0,,,,0.00982086406743941,-0.009918270049378512
196,2021-12-31 16:20:00-08:00,2021-12-31 16:25:00-08:00,19071,8598,0.359388062196957,natural_gas,23924,2021-12-30 09:10:00-08:00,25159.63,851,4002,882,285,206,212,20,2266,7288,2160,379,6732,0,,,,0.015841832469486707,-0.016096835846251857
197,2021-12-31 16:25:00-08:00,2021-12-31 16:30:00-08:00,19536,8356,0.3460614594549822,natural_gas,24146,2021-12-30 09:10:00-08:00,25318.635,628,3982,882,285,206,212,20,2265,7572,2161,500,6740,0,,,,0.020707363538474282,-0.02114522540810285
198,2021-12-31 16:30:00-08:00,2021-12-31 16:35:00-08:00,19993,8120,0.3335798208857119,natural_gas,24342,2021-12-30 09:10:00-08:00,25477.64,440,3909,884,289,206,213,19,2265,7871,2179,563,6779,0,,,,0.023128748664859092,-0.023676353084654527
199,2021-12-31 16:35:00-08:00,2021-12-31 16:40:00-08:00,20372,7973,0.32468643101482325,natural_gas,24556,2021-12-30 09:10:00-08:00,25691.98,320,3864,884,286,207,209,19,2265,8051,2203,663,6867,0,,,,0.026999511321062063,-0.0277487130121793
200,2021-12-31 16:40:00-08:00,2021-12-31 16:45:00-08:00,20710,7984,0.32192250312487397,natural_gas,24801,2021-12-30 09:10:00-08:00,25906.32,217,3874,884,284,206,207,19,2266,8132,2312,683,6991,0,,,,0.027539212128543204,-0.028319097769300937
201,2021-12-31 16:45:00-08:00,2021-12-31 16:50:00-08:00,21043,7920,0.3164455809493367,natural_gas,25028,2021-12-30 09:10:00-08:00,26120.66,143,3842,884,284,207,207,19,2266,8230,2353,788,7116,0,,,,0.031484737094454214,-0.03250825082508251
202,2021-12-31 16:50:00-08:00,2021-12-31 16:55:00-08:00,21348,7830,0.31033252744639533,natural_gas,25231,2021-12-30 09:10:00-08:00,26335.0,71,3812,884,285,207,207,18,2265,8319,2364,966,7118,0,,,,0.03828623518687329,-0.03981042654028436
203,2021-12-31 16:55:00-08:00,2021-12-31 17:00:00-08:00,21659,7797,0.305872660939155,natural_gas,25491,2021-12-30 09:10:00-08:00,26549.34,28,3804,884,287,207,225,18,2266,8402,2362,1154,7103,0,,,,0.045270879918402576,-0.04741751242963389
204,2021-12-31 17:00:00-08:00,2021-12-31 17:05:00-08:00,21960,7796,0.30271025860060574,natural_gas,25754,2021-12-30 09:10:00-08:00,26763.68,-16,3810,884,288,208,247,18,2265,8471,2375,1206,7228,0,,,,0.04682767725401879,-0.049128238553038946
205,2021-12-31 17:05:00-08:00,2021-12-31 17:10:00-08:00,22214,7864,0.30228714203344226,natural_gas,26015,2021-12-30 09:10:00-08:00,26978.02,-22,3823,881,286,206,247,19,2265,8490,2443,1185,7385,0,,,,0.045550643859311936,-0.04772452678211841
206,2021-12-31 17:10:00-08:00,2021-12-31 17:15:00-08:00,22527,7939,0.3015191796429928,natural_gas,26330,2021-12-30 09:10:00-08:00,27192.36,-20,3823,874,286,206,247,19,2266,8615,2523,1156,7545,0,,,,0.04390429168249146,-0.04592039405736077
207,2021-12-31 17:15:00-08:00,2021-12-31 17:20:00-08:00,22782,8008,0.300894266175697,natural_gas,26614,2021-12-30 09:10:00-08:00,27406.7,-22,3854,874,286,206,249,19,2265,8731,2561,1223,7580,0,,,,0.045953257683925754,-0.04816667323067229
208,2021-12-31 17:20:00-08:00,2021-12-31 17:25:00-08:00,23031,7993,0.29779069334227487,natural_gas,26841,2021-12-30 09:10:00-08:00,27621.04,-27,3837,875,288,206,249,19,2266,8847,2565,1230,7627,0,,,,0.04582541634067285,-0.048026238725547614
209,2021-12-31 17:25:00-08:00,2021-12-31 17:30:00-08:00,23256,7940,0.2936281942235864,natural_gas,27041,2021-12-30 09:10:00-08:00,27835.38,-34,3819,874,286,205,249,19,2265,8993,2541,1210,7777,0,,,,0.04474686587034503,-0.04684294065270411
210,2021-12-31 17:30:00-08:00,2021-12-31 17:35:00-08:00,23430,7932,0.291864444199139,natural_gas,27177,2021-12-30 09:10:00-08:00,28049.72,-31,3778,873,286,206,249,19,2265,9100,2571,1225,7828,0,,,,0.04507487949368952,-0.04720252774352651
211,2021-12-31 17:35:00-08:00,2021-12-31 17:40:00-08:00,23559,7911,0.2901947837570155,natural_gas,27261,2021-12-30 09:10:00-08:00,28040.883333333335,-31,3733,875,287,206,250,19,2265,9134,2591,1246,7834,0,,,,0.045706320384431974,-0.04789544493561407
212,2021-12-31 17:40:00-08:00,2021-12-31 17:45:00-08:00,23640,7888,0.28867337602927723,natural_gas,27325,2021-12-30 09:10:00-08:00,28032.04666666667,-30,3715,874,287,206,250,18,2265,9230,2586,1252,7820,0,,,,0.045818847209515096,-0.04801902351091167
213,2021-12-31 17:45:00-08:00,2021-12-31 17:50:00-08:00,23716,7860,0.2872387077912586,natural_gas,27364,2021-12-30 09:10:00-08:00,28023.21,-30,3678,875,287,207,250,19,2265,9255,2593,1257,7869,0,,,,0.04593626662768601,-0.04814800628184012
214,2021-12-31 17:50:00-08:00,2021-12-31 17:55:00-08:00,23764,7823,0.2856673361329195,natural_gas,27385,2021-12-30 09:10:00-08:00,28014.373333333333,-30,3651,875,286,206,249,19,2266,9222,2586,1240,7954,0,,,,0.04528026291765565,-0.04742780646395104
215,2021-12-31 17:55:00-08:00,2021-12-31 18:00:00-08:00,23764,7825,0.2857508033888402,natural_gas,27384,2021-12-30 09:10:00-08:00,28005.536666666667,-30,3650,875,284,207,248,19,2265,9270,2591,1238,7938,0,,,,0.04520888109845165,-0.04734949896733726
216,2021-12-31 18:00:00-08:00,2021-12-31 18:05:00-08:00,23814,7782,0.2842220598977356,natural_gas,27380,2021-12-30 09:10:00-08:00,27996.7,-30,3596,874,285,207,249,19,2265,9277,2601,1237,7949,0,,,,0.04517896274653031,-0.04731668132961022
217,2021-12-31 18:05:00-08:00,2021-12-31 18:10:00-08:00,23783,7732,0.28361822316777935,natural_gas,27262,2021-12-30 09:10:00-08:00,27987.863333333335,-30,3509,880,286,207,249,19,2266,9217,2631,1147,7989,0,,,,0.042073215464749465,-0.04392111813134214
218,2021-12-31 18:10:00-08:00,2021-12-31 18:15:00-08:00,23764,7700,0.2825169693634196,natural_gas,27255,2021-12-30 09:10:00-08:00,27979.02666666667,-29,3520,880,284,205,249,19,2265,9242,2591,1071,8067,0,,,,0.03929554210236654,-0.04090284142988084
219,2021-12-31 18:15:00-08:00,2021-12-31 18:20:00-08:00,23725,7721,0.2835267332549941,natural_gas,27232,2021-12-30 09:10:00-08:00,27970.190000000002,-29,3536,881,287,206,249,19,2266,9244,2591,1062,8075,0,,,,0.038998237367802585,-0.04058081773022545
220,2021-12-31 18:20:00-08:00,2021-12-31 18:25:00-08:00,23696,7721,0.28374554408143765,natural_gas,27211,2021-12-30 09:10:00-08:00,27961.353333333333,-29,3544,880,288,206,249,19,2266,9282,2583,1050,8038,0,,,,0.038587336003821984,-0.04013608042506021
221,2021-12-31 18:25:00-08:00,2021-12-31 18:30:00-08:00,23667,7682,0.28290491272004126,natural_gas,27154,2021-12-30 09:10:00-08:00,27952.516666666666,-29,3516,882,288,206,249,19,2265,9366,2570,1012,7986,0,,,,0.037268910657729984,-0.03871165174814475
222,2021-12-31 18:30:00-08:00,2021-12-31 18:35:00-08:00,23632,7655,0.2826183268108986,natural_gas,27086,2021-12-30 09:10:00-08:00,27943.68,-29,3483,881,288,205,249,19,2265,9370,2578,949,8009,0,,,,0.03503655024736026,-0.03630868117993649
223,2021-12-31 18:35:00-08:00,2021-12-31 18:40:00-08:00,23545,7693,0.2844518395267147,natural_gas,27045,2021-12-30 09:10:00-08:00,27857.140833333335,-29,3529,881,286,205,248,19,2265,9320,2573,925,8044,0,,,,0.03420225550009244,-0.0354134762633997
224,2021-12-31 18:40:00-08:00,2021-12-31 18:45:00-08:00,23537,7682,0.28441318030359125,natural_gas,27010,2021-12-30 09:10:00-08:00,27770.601666666666,-29,3502,881,286,206,248,19,2265,9275,2588,932,8051,0,,,,0.03450573861532766,-0.0357389370350487
225,2021-12-31 18:45:00-08:00,2021-12-31 18:50:00-08:00,23501,7621,0.2826990132799169,natural_gas,26958,2021-12-30 09:10:00-08:00,27684.0625,-28,3485,880,285,206,248,19,2266,9252,2545,936,8067,0,,,,0.03472067660805698,-0.03596956421489509
226,2021-12-31 18:50:00-08:00,2021-12-31 18:55:00-08:00,23476,7561,0.2810258316298086,natural_gas,26905,2021-12-30 09:10:00-08:00,27597.523333333334,-28,3457,879,286,205,248,19,2265,9271,2514,956,8076,0,,,,0.03553242891655826,-0.0368414967821496
227,2021-12-31 18:55:00-08:00,2021-12-31 19:00:00-08:00,23462,7541,0.280658007369087,natural_gas,26869,2021-12-30 09:10:00-08:00,27510.984166666665,-28,3435,877,292,206,248,19,2265,9287,2511,1001,8007,0,,,,0.03725482898507574,-0.03869645894541519
228,2021-12-31 19:00:00-08:00,2021-12-31 19:05:00-08:00,23379,7527,0.2809420722603762,natural_gas,26792,2021-12-30 09:10:00-08:00,27424.445,-29,3442,876,293,206,248,19,2265,9242,2491,968,7986,0,,,,0.03613018811585548,-0.03748451053283767
229,2021-12-31 19:05:00-08:00,2021-12-31 19:10:00-08:00,23281,7352,0.2753454926781769,natural_gas,26701,2021-12-30 09:10:00-08:00,27337.905833333334,-29,3449,878,292,207,248,20,2265,9251,2307,1088,7982,0,,,,0.04074753754541029,-0.04247842892281264
230,2021-12-31 19:10:00-08:00,2021-12-31 19:15:00-08:00,23226,7306,0.2740332320618131,natural_gas,26661,2021-12-30 09:10:00-08:00,27251.366666666665,-29,3464,878,291,207,248,20,2265,9286,2247,1133,7953,0,,,,0.04249653051273396,-0.04438263867126293
231,2021-12-31 19:15:00-08:00,2021-12-31 19:20:00-08:00,23156,7304,0.2746897329823242,natural_gas,26590,2021-12-30 09:10:00-08:00,27164.8275,-30,3464,879,290,207,248,20,2265,9280,2246,1089,7951,0,,,,0.040955246333207976,-0.04270420767813027
232,2021-12-31 19:20:00-08:00,2021-12-31 19:25:00-08:00,23101,7270,0.27394679327756427,natural_gas,26538,2021-12-30 09:10:00-08:00,27078.288333333334,-32,3469,879,288,207,247,20,2265,9266,2212,1011,8000,0,,,,0.03809631471851684,-0.039605123986367376
233,2021-12-31 19:25:00-08:00,2021-12-31 19:30:00-08:00,23023,7247,0.27386440934169753,natural_gas,26462,2021-12-30 09:10:00-08:00,26991.749166666665,-32,3471,879,288,207,247,19,2264,9323,2187,1011,7940,0,,,,0.03820572896984355,-0.039723390043613215
234,2021-12-31 19:30:00-08:00,2021-12-31 19:35:00-08:00,22988,7201,0.27274448905385956,natural_gas,26402,2021-12-30 09:10:00-08:00,26905.21,-32,3446,879,289,207,247,19,2265,9304,2165,1055,7894,0,,,,0.039959094008029696,-0.041622282715903264
235,2021-12-31 19:35:00-08:00,2021-12-31 19:40:00-08:00,22976,7154,0.27151965993623806,natural_gas,26348,2021-12-30 09:10:00-08:00,26840.366666666665,-32,3404,879,287,207,247,19,2265,9213,2162,1065,7951,0,,,,0.04042052527706088,-0.04212316576355654
236,2021-12-31 19:40:00-08:00,2021-12-31 19:45:00-08:00,22944,7153,0.2717601914820865,natural_gas,26321,2021-12-30 09:10:00-08:00,26775.52333333333,-32,3409,879,285,207,247,18,2265,9175,2158,1054,7957,0,,,,0.04004407127388777,-0.04171448925475917
237,2021-12-31 19:45:00-08:00,2021-12-31 19:50:00-08:00,22865,7158,0.272883229766307,natural_gas,26231,2021-12-30 09:10:00-08:00,26710.68,-33,3399,878,289,207,247,19,2264,9153,2171,988,7947,0,,,,0.037665357782776104,-0.039139563443330826
238,2021-12-31 19:50:00-08:00,2021-12-31 19:55:00-08:00,22794,7184,0.27441842698346003,natural_gas,26179,2021-12-30 09:10:00-08:00,26645.836666666666,-32,3417,879,289,207,247,19,2264,9130,2177,872,8023,0,,,,0.033309140914473435,-0.03445686964081084
239,2021-12-31 19:55:00-08:00,2021-12-31 20:00:00-08:00,22723,7213,0.27590559614428334,natural_gas,26143,2021-12-30 09:10:00-08:00,26580.993333333332,-31,3451,879,287,208,248,19,2264,9146,2171,819,8070,0,,,,0.0313276976628543,-0.03234086242299795
240,2021-12-31 20:00:00-08:00,2021-12-31 20:05:00-08:00,22624,7190,0.27569018404907975,natural_gas,26080,2021-12-30 09:10:00-08:00,26516.15,-31,3487,879,287,207,248,19,2265,9119,2113,750,8124,0,,,,0.028757668711656442,-0.029609159099881564
241,2021-12-31 20:05:00-08:00,2021-12-31 20:10:00-08:00,22550,6969,0.2674623887012588,natural_gas,26056,2021-12-30 09:10:00-08:00,26451.306666666667,-31,3537,879,287,207,248,18,2264,9154,1842,989,8074,0,,,,0.03795670862757138,-0.03945426257629553
242,2021-12-31 20:10:00-08:00,2021-12-31 20:15:00-08:00,22456,6842,0.26370153395513757,natural_gas,25946,2021-12-30 09:10:00-08:00,26386.463333333333,-32,3522,879,288,207,236,18,2265,9111,1742,965,8117,0,,,,0.03719263084868573,-0.03862935831231736
243,2021-12-31 20:15:00-08:00,2021-12-31 20:20:00-08:00,22443,6761,0.261133212313159,natural_gas,25891,2021-12-30 09:10:00-08:00,26321.62,-33,3481,879,287,207,204,18,2265,9154,1736,898,8145,0,,,,0.03468386698080414,-0.03593006041691674
244,2021-12-31 20:20:00-08:00,2021-12-31 20:25:00-08:00,22481,6683,0.2584899822077822,natural_gas,25854,2021-12-30 09:10:00-08:00,26256.776666666665,-33,3406,876,287,207,197,19,2264,9121,1743,833,8237,0,,,,0.032219385781697224,-0.03329203469085968
245,2021-12-31 20:25:00-08:00,2021-12-31 20:30:00-08:00,22401,6675,0.25911261208804004,natural_gas,25761,2021-12-30 09:10:00-08:00,26191.933333333334,-34,3394,875,287,207,197,19,2264,9099,1749,674,8305,0,,,,0.026163580606342923,-0.026866504564116874
246,2021-12-31 20:30:00-08:00,2021-12-31 20:35:00-08:00,22358,6667,0.25926502041609956,natural_gas,25715,2021-12-30 09:10:00-08:00,26127.09,-33,3390,879,286,208,197,19,2264,9096,1740,596,8395,0,,,,0.023177133968500876,-0.02372705919821649
247,2021-12-31 20:35:00-08:00,2021-12-31 20:40:00-08:00,22300,6669,0.2598075499629904,natural_gas,25669,2021-12-30 09:10:00-08:00,26070.733333333334,-32,3401,878,289,207,197,19,2264,9130,1729,462,8439,0,,,,0.017998363785110445,-0.018328242154956955
248,2021-12-31 20:40:00-08:00,2021-12-31 20:45:00-08:00,22194,6672,0.26088996637209666,natural_gas,25574,2021-12-30 09:10:00-08:00,26014.376666666667,-32,3412,879,291,207,197,18,2265,9161,1718,395,8410,0,,,,0.015445374208180183,-0.015687676238134954
249,2021-12-31 20:45:00-08:00,2021-12-31 20:50:00-08:00,22144,6673,0.2614197289038627,natural_gas,25526,2021-12-30 09:10:00-08:00,25958.02,-31,3413,877,291,207,198,18,2264,9182,1718,313,8453,0,,,,0.012262007365039568,-0.012414230753976123
250,2021-12-31 20:50:00-08:00,2021-12-31 20:55:00-08:00,22038,6700,0.26317856862282973,natural_gas,25458,2021-12-30 09:10:00-08:00,25901.663333333334,-32,3452,875,290,207,197,18,2264,9154,1711,394,8359,0,,,,0.015476471050357451,-0.015719757421002234
251,2021-12-31 20:55:00-08:00,2021-12-31 21:00:00-08:00,21927,6723,0.2648205774609052,natural_gas,25387,2021-12-30 09:10:00-08:00,25845.306666666667,-32,3492,876,288,207,197,18,2265,9036,1695,387,8314,0,,,,0.015244022531216764,-0.01548
252,2021-12-31 21:00:00-08:00,2021-12-31 21:05:00-08:00,21882,6737,0.2655603295360479,natural_gas,25369,2021-12-30 09:10:00-08:00,25788.95,-31,3518,876,290,206,198,18,2265,9079,1680,395,8260,0,,,,0.015570184082935867,-0.015816449107071355
253,2021-12-31 21:05:00-08:00,2021-12-31 21:10:00-08:00,21797,6687,0.2645069419722321,natural_gas,25281,2021-12-30 09:10:00-08:00,25732.593333333334,-32,3516,878,292,206,198,18,2265,8987,1629,542,8188,0,,,,0.021439025355009692,-0.02190872711103925
254,2021-12-31 21:10:00-08:00,2021-12-31 21:15:00-08:00,21707,6703,0.2656441960924187,natural_gas,25233,2021-12-30 09:10:00-08:00,25676.236666666668,-33,3559,879,290,207,197,18,2268,8886,1604,646,8085,0,,,,0.025601394998612928,-0.02627404726074755
255,2021-12-31 21:15:00-08:00,2021-12-31 21:20:00-08:00,21591,6731,0.26759163552516496,natural_gas,25154,2021-12-30 09:10:00-08:00,25619.88,-32,3595,878,289,207,197,18,2266,8811,1597,481,8188,0,,,,0.019122207203625667,-0.01949499452843189
256,2021-12-31 21:20:00-08:00,2021-12-31 21:25:00-08:00,21493,6786,0.2703154875717017,natural_gas,25104,2021-12-30 09:10:00-08:00,25563.523333333334,-32,3643,879,289,207,197,18,2267,8852,1603,444,8211,0,,,,0.01768642447418738,-0.01800486618004866
257,2021-12-31 21:25:00-08:00,2021-12-31 21:30:00-08:00,21426,6810,0.27171527750069824,natural_gas,25063,2021-12-30 09:10:00-08:00,25507.166666666668,-32,3669,878,288,207,196,18,2266,8833,1604,436,8134,0,,,,0.017396161672585085,-0.01770414585617412
258,2021-12-31 21:30:00-08:00,2021-12-31 21:35:00-08:00,21296,6847,0.2739895958383353,natural_gas,24990,2021-12-30 09:10:00-08:00,25450.81,-32,3726,878,293,207,196,18,2267,8772,1579,444,8037,0,,,,0.017767106842737093,-0.018088486922512834
259,2021-12-31 21:35:00-08:00,2021-12-31 21:40:00-08:00,21231,6774,0.27198265478198025,natural_gas,24906,2021-12-30 09:10:00-08:00,25367.215,-32,3707,879,291,207,195,18,2266,8764,1527,447,7978,0,,,,0.017947482534329078,-0.01827548141788299
260,2021-12-31 21:40:00-08:00,2021-12-31 21:45:00-08:00,21147,6785,0.2731041700209306,natural_gas,24844,2021-12-30 09:10:00-08:00,25283.620000000003,-31,3728,877,290,207,195,18,2267,8734,1519,354,7975,0,,,,0.014248913218483336,-0.014454879542670478
261,2021-12-31 21:45:00-08:00,2021-12-31 21:50:00-08:00,21094,6796,0.2739880664408966,natural_gas,24804,2021-12-30 09:10:00-08:00,25200.025,-31,3741,879,290,207,196,19,2266,8749,1514,233,8043,0,,,,0.009393646186099017,-0.009482723535875625
262,2021-12-31 21:50:00-08:00,2021-12-31 21:55:00-08:00,20935,6854,0.27729902496257636,natural_gas,24717,2021-12-30 09:10:00-08:00,25116.43,-31,3813,880,289,207,197,19,2266,8732,1499,166,8062,0,,,,0.006716025407614193,-0.006761435379414281
263,2021-12-31 21:55:00-08:00,2021-12-31 22:00:00-08:00,20810,6896,0.27980199626714275,natural_gas,24646,2021-12-30 09:10:00-08:00,25032.835,-31,3867,879,290,207,197,20,2267,8652,1487,103,8107,0,,,,0.004179177148421651,-0.004196715967893085
264,2021-12-31 22:00:00-08:00,2021-12-31 22:05:00-08:00,20758,6828,0.2778885678238574,natural_gas,24571,2021-12-30 09:10:00-08:00,24949.239999999998,-32,3845,879,288,203,197,20,2267,8703,1448,56,8130,0,,,,0.002279109519352082,-0.002284315725066286
265,2021-12-31 22:05:00-08:00,2021-12-31 22:10:00-08:00,20621,6764,0.2769747348593424,natural_gas,24421,2021-12-30 09:10:00-08:00,24865.645,-31,3831,880,287,203,198,20,2267,8540,1396,83,8122,0,,,,0.0033987142213668564,-0.0034103048730380475
266,2021-12-31 22:10:00-08:00,2021-12-31 22:15:00-08:00,20520,6777,0.2784648888523647,imports,24337,2021-12-30 09:10:00-08:00,24782.05,-31,3848,880,288,203,197,20,2265,8299,1392,29,8302,0,,,,0.0011916012655627233,-0.0011930228731281882
267,2021-12-31 22:15:00-08:00,2021-12-31 22:20:00-08:00,20446,6764,0.2790083735511282,imports,24243,2021-12-30 09:10:00-08:00,24698.454999999998,-31,3828,881,293,203,196,20,2266,8013,1394,96,8436,0,,,,0.0039599059522336345,-0.003975649148962604
268,2021-12-31 22:20:00-08:00,2021-12-31 22:25:00-08:00,20367,6734,0.27879440258342303,imports,24154,2021-12-30 09:10:00-08:00,24614.86,-31,3818,880,291,203,196,20,2265,7760,1377,87,8584,0,,,,0.00360188788606442,-0.0036149083807703493
269,2021-12-31 22:25:00-08:00,2021-12-31 22:30:00-08:00,20297,6757,0.28046654491117384,imports,24092,2021-12-30 09:10:00-08:00,24531.265,-31,3826,880,291,203,196,20,2266,7568,1392,111,8704,0,,,,0.004607338535613481,-0.004628664359284433
270,2021-12-31 22:30:00-08:00,2021-12-31 22:35:00-08:00,20242,6765,0.2812772857677435,imports,24051,2021-12-30 09:10:00-08:00,24447.67,-31,3840,881,291,202,196,20,2266,7459,1386,171,8737,0,,,,0.007109891480603717,-0.007160804020100503
271,2021-12-31 22:35:00-08:00,2021-12-31 22:40:00-08:00,20075,6752,0.2822034606704004,imports,23926,2021-12-30 09:10:00-08:00,24367.180833333332,-31,3882,881,291,203,196,20,2265,7397,1330,91,8743,0,,,,0.0038033937975424223,-0.0038179148311306903
272,2021-12-31 22:40:00-08:00,2021-12-31 22:45:00-08:00,20026,6703,0.2809186538703323,imports,23861,2021-12-30 09:10:00-08:00,24286.691666666666,-31,3866,880,290,203,196,19,2266,7461,1299,58,8722,0,,,,0.0024307447298939694,-0.00243666764693526
273,2021-12-31 22:45:00-08:00,2021-12-31 22:50:00-08:00,19998,6640,0.2794024826425415,imports,23765,2021-12-30 09:10:00-08:00,24206.2025,-31,3798,880,291,203,196,19,2265,7478,1303,31,8717,0,,,,0.0013044393014937934,-0.0013061430858683745
274,2021-12-31 22:50:00-08:00,2021-12-31 22:55:00-08:00,19941,6610,0.27911493961658645,imports,23682,2021-12-30 09:10:00-08:00,24125.713333333333,-31,3772,880,291,203,196,19,2265,7407,1299,30,8737,0,,,,0.001266784899923993,-0.0012683916793505834
275,2021-12-31 22:55:00-08:00,2021-12-31 23:00:00-08:00,19893,6586,0.27883149872988994,imports,23620,2021-12-30 09:10:00-08:00,24045.224166666667,-31,3758,880,290,203,196,19,2265,7385,1290,-22,8752,0,,,,-0.0009314140558848434,0.0009305473310210642
276,2021-12-31 23:00:00-08:00,2021-12-31 23:05:00-08:00,19807,6587,0.27947727947727946,imports,23569,2021-12-30 09:10:00-08:00,23964.735,-31,3793,880,290,202,196,19,2265,7510,1257,-95,8713,0,,,,-0.004030718316432602,0.0040145368492224475
277,2021-12-31 23:05:00-08:00,2021-12-31 23:10:00-08:00,19667,6557,0.2798190585925831,imports,23433,2021-12-30 09:10:00-08:00,23884.24583333333,-31,3797,880,288,203,194,20,2265,7490,1226,-82,8620,0,,,,-0.0034993385396662824,0.0034871358707208163
278,2021-12-31 23:10:00-08:00,2021-12-31 23:15:00-08:00,19602,6520,0.27944453968798216,imports,23332,2021-12-30 09:10:00-08:00,23803.756666666664,-31,3761,881,283,203,188,20,2264,7399,1235,-79,8588,0,,,,-0.0033859077661580663,0.0033744820810729997
279,2021-12-31 23:15:00-08:00,2021-12-31 23:20:00-08:00,19473,6553,0.2819707401032702,imports,23240,2021-12-30 09:10:00-08:00,23723.267499999998,-31,3798,882,284,204,188,20,2265,7358,1228,-94,8512,0,,,,-0.004044750430292599,0.004028456329819148
280,2021-12-31 23:20:00-08:00,2021-12-31 23:25:00-08:00,19390,6574,0.28364326703197135,imports,23177,2021-12-30 09:10:00-08:00,23642.778333333332,-32,3819,882,283,203,187,20,2265,7401,1232,-186,8525,0,,,,-0.008025197393968158,0.007961306339083166
281,2021-12-31 23:25:00-08:00,2021-12-31 23:30:00-08:00,19319,6557,0.2839142671573934,imports,23095,2021-12-30 09:10:00-08:00,23562.289166666666,-31,3807,882,285,203,188,20,2265,7422,1223,-66,8296,0,,,,-0.002857761420220827,0.0028496178921462805
282,2021-12-31 23:30:00-08:00,2021-12-31 23:35:00-08:00,19260,6545,0.2842438982020325,imports,23026,2021-12-30 09:10:00-08:00,23481.8,-32,3798,882,287,203,187,20,2265,7281,1220,-94,8289,0,,,,-0.004082341700686181,0.004065743944636678
283,2021-12-31 23:35:00-08:00,2021-12-31 23:40:00-08:00,19194,6509,0.28375256114041586,imports,22939,2021-12-30 09:10:00-08:00,23410.878333333334,-33,3778,882,287,203,187,20,2264,7287,1205,-144,8331,0,,,,-0.006277518636383452,0.006238357232595417
284,2021-12-31 23:40:00-08:00,2021-12-31 23:45:00-08:00,19132,6487,0.28383285933056224,imports,22855,2021-12-30 09:10:00-08:00,23339.956666666665,-32,3755,882,285,203,188,20,2265,7245,1206,-176,8414,0,,,,-0.007700721942682127,0.007641873995918544
285,2021-12-31 23:45:00-08:00,2021-12-31 23:50:00-08:00,19092,6496,0.2847624057513589,imports,22812,2021-12-30 09:10:00-08:00,23269.035,-31,3751,882,285,205,188,20,2265,7222,1216,-234,8505,0,,,,-0.010257759074171488,0.010153605831814632
286,2021-12-31 23:50:00-08:00,2021-12-31 23:55:00-08:00,18962,6526,0.2871979932227259,imports,22723,2021-12-30 09:10:00-08:00,23198.113333333335,-32,3793,882,284,203,188,20,2264,7239,1208,-294,8526,0,,,,-0.012938432425295956,0.012773167658687058
287,2021-12-31 23:55:00-08:00,2022-01-01 00:00:00-08:00,18893,6516,0.2875297855440826,imports,22662,2021-12-30 09:10:00-08:00,23127.191666666666,-32,3801,882,284,205,171,19,2265,7238,1205,-200,8440,0,,,,-0.008825346394845997,0.008748141020033243
